<?xml version="1.0" encoding="UTF-8"?>

<?xml-model href="kellner_02_schema.rnc" type="application/relax-ng-compact-syntax"?>
<root>
    <info>
        <header type="main">Cookies</header>
        <description type="ingre">Original NESTLÉ® TOLL HOUSE® Chocolate Chip Cookies</description>
        <diff type="easy">Level Easy</diff>
        <prep type="minutes" value="15" step="2">Prep 15 minutes</prep>
        <cook type="minutes" value="9" step="3">Cook 9 minutes</cook>
        <serv type="dozen" value="5">Servings 5 dozen cookies</serv>
        <description type="cookie">The chocolate chip cookie that started it all! NESTLÉ® TOLL
            HOUSE® original chocolate chip cookies are a true classic and the go-to cookie for all
            occasions!</description>
        <header type="main">Key Ingredients</header>
        <description type="ingre">Morsels and Baking Ingredients NESTLÉ® TOLL HOUSE® Semi-Sweet
            Chocolate Morsels 12 oz. </description>
    </info>

    <recipe>
        <header type="sub header">Ingredients</header>
        <ingre amount="2.25" measurement="cup" piece="all-purpose flour" step="2">2 1/4 cups
            all-purpose flour</ingre>
        <ingre amount="1" measurement="teaspoon" piece="baking soda" step="2">1 teaspoon baking
            soda</ingre>
        <ingre amount="1" measurement="teaspoon" piece="salt" step="2">1 teaspoon salt</ingre>
        <ingre amount="1" measurement="cup" piece="butter softened" step="2">1 cup (2 sticks)
            butter, softened</ingre>
        <ingre amount=".75" measurement="cup" piece="granulated sugar" step="2">3/4 cup granulated
            sugar</ingre>
        <ingre amount=".75" measurement="cup" piece="brown sugar" step="2">3/4 cup packed brown
            sugar</ingre>
        <ingre amount="1" measurement="teaspoon" piece="baking soda" step="2">1 teaspoon vanilla
            extract</ingre>
        <ingre amount="2" measurement="large" piece="eggs" step="2">2 large eggs</ingre>
        <ingre amount="2" measurement="cup" piece="baking soda" step="2">2 cups (12-ounce package)
            NESTLÉ® TOLL HOUSE® Semi-Sweet Chocolate Morsels</ingre>
        <ingre amount="1" measurement="cup" piece="baking soda" step="2" use="optional">1 cup
            chopped nuts (Optional. If omitting, add 1 to 2 Tbsp. of all-purpose flour.)</ingre>
    </recipe>

    <inst>
        <header type="main">Make It</header>
        <part step="1">Step 1 Preheat oven to 375° F. </part>
        <part step="2">Step 2 Combine flour, baking soda and salt in small bowl. Beat butter,
            granulated sugar, brown sugar and vanilla extract in large mixer bowl until creamy. Add
            eggs, one at a time, beating well after each addition. Gradually beat in flour mixture.
            Stir in morsels and nuts. Drop by rounded tablespoon onto ungreased baking
            sheets.</part>
        <part step="3">Step 3 Bake for 9 to 11 minutes or until golden brown. Cool on baking sheets
            for 2 minutes; remove to wire racks to cool completely.</part> For High Altitude Baking
        (5,200 feet): <ingre amount="2.5" measurement="cup" piece="flour" step="2" use="optional"
            >Increase flour to 2 1/2 cups</ingre>. <ingre amount="2" measurement="teaspoons"
            piece="water" step="2" use="optional">Add 2 teaspoons water with flour</ingre> and
        reduce both <ingre amount=".75" measurement="cup" ingre="granulated sugar" step="2"
            use="optional">granulated sugar</ingre> and <ingre amount="2/3" measurement="cup"
            ingre="brown sugar" step="2" use="optional"> brown sugar </ingre> to 2/3 cup each. Bake
        drop cookies for <cook type="minutes" value="8" step="3" use="optional">8 to 10
            minutes</cook> and pan cookie for <cook type="minutes" value="9" step="3" use="optional"
            >17 to 19 minutes</cook>. </inst>
</root>
